"term","estimate","conf.low","conf.high","p.value"
"T",1.22443880032983,1.36274613036821,9.47218428194926,0.00822520350478428
"N",0.918888185116072,1.12045522668471,5.83286270508889,0.0252828304996494
"G",2.42441413465543,1.46566749684962,1451.94593831534,0.0135898757069962
"CD",0.39711808618353,0.626867167096128,3.5117836430127,0.364502439659502
