"term","estimate","conf.low","conf.high","p.value"
"(Intercept)",0.120254045883752,-0.818559106358783,1.07315121602646,0.802026802337582
"age",-1.10598130817489,-1.97378838283728,-0.307425141575851,0.00614347184508934
"oc",-0.0688167303923042,-0.941436330166177,0.789202021260468,0.875191058626342
"vic",2.26887464425742,1.27302157119983,3.4354327309153,1.6788769586773e-06
"vicl",-2.11140817257154,-3.26086111752863,-1.11773494698379,1.23780476281032e-05
"vis",-0.788316944975344,-1.60808788952919,0.0151846790659407,0.0544970080615322
"dia",3.09601166089212,0.774568169220645,8.03029352215916,0.00495187338639058
